"major_type_en","major_type_ko","subtype_id","subtype_ko","drop_count","subtype_unique_drops"
"Aberration","변이체","aberration_01","촉수형 변이체","10","흡반, 촉수 끝, 촉수 마디, 말린 촉수, 촉수 가시, 촉수 연골, 촉수 뿌리, 빨판 조각, 촉수 껍질, 끈끈한 촉수막"
"Aberration","변이체","aberration_02","정신지배형 변이체","8","신경 다발, 작은 뇌낭, 뇌막 조각, 뇌줄기 조각, 신경 매듭, 이마뼈 조각, 얇은 신경막, 두개골 판"
"Aberration","변이체","aberration_03","시선·광선형 변이체","10","큰 눈알, 수정체, 홍채 조각, 눈줄기, 눈꺼풀 조각, 눈물샘, 눈막, 눈뼈 고리, 광선샘, 마른 눈알"
"Aberration","변이체","aberration_04","기생형 변이체","10","기생낭, 알주머니, 흡착판, 작은 갈고리, 기생 벌레, 숙주 살점, 기생뿌리, 부화 껍질, 흡혈관, 기생 가시"
"Aberration","변이체","aberration_05","공생형 변이체","7","공생낭, 연결관, 붙은 살판, 공생뿌리, 접합막, 공유 혈관, 연결 신경"
"Aberration","변이체","aberration_06","뇌·두개골형 변이체","9","비대한 뇌, 노출된 뇌막, 두꺼운 이마뼈, 뇌낭, 뇌줄기, 신경뿌리, 두개골 가시, 갈라진 머리뼈, 말린 뇌조직"
"Aberration","변이체","aberration_07","외계 포식자형 변이체","8","톱니턱, 겹입, 사냥턱, 안쪽 이빨, 먹이주머니, 갈고리 발톱, 단단한 턱뼈, 포식낭"
"Aberration","변이체","aberration_08","심해·무저형 변이체","8","아가미막, 심해 비늘, 물갈퀴, 압력낭, 창백한 눈, 지느러미 조각, 젖은 껍질, 심해 이빨"
"Aberration","변이체","aberration_09","차원 균열형 변이체","6","갈라진 껍질, 뒤틀린 뼈, 얇은 균열막, 검은 결정편, 접힌 피부, 깨진 눈알"
"Aberration","변이체","aberration_10","육체 재구성형 변이체","7","붙은 팔조각, 겹친 손가락, 비틀린 관절, 잘못 붙은 뼈, 접힌 살판, 뒤섞인 장기, 여분의 턱"
"Aberration","변이체","aberration_11","다기관형 변이체","8","여분의 심장, 겹친 위장, 붙은 간, 작은 허파, 쌍둥이 신장, 분기된 혈관, 기관 덩어리, 살 속 주머니"
"Aberration","변이체","aberration_12","부유 감시자형 변이체","7","부유낭, 시선 줄기, 둥근 눈껍질, 공기주머니, 떠다니는 살판, 작은 보조눈, 고리 모양 연골"
"Aberration","변이체","aberration_13","군체 의식형 변이체","6","공유 신경절, 벌집 뇌낭, 군체 알, 작은 연결촉수, 진동판, 분열된 뇌편"
"Aberration","변이체","aberration_14","꿈·환각형 변이체","6","색유리 눈, 무늬막, 얇은 눈꺼풀, 말랑한 수정체, 창백한 혀, 빛나는 가루주머니"
"Aberration","변이체","aberration_15","언어 모방형 변이체","6","성대 주머니, 갈라진 혀, 목울대 조각, 얇은 입술막, 턱관절 조각, 울림낭"
"Aberration","변이체","aberration_16","광기 유발형 변이체","6","뒤틀린 눈동자, 벌어진 두개골, 가는 신경실, 떨리는 혀, 작은 뇌혹, 검은 눈물샘"
"Aberration","변이체","aberration_17","신체 강탈형 변이체","7","흡수관, 고정 가시, 숙주 껍질, 붙은 손가락, 옮겨 붙은 살점, 강탈낭, 갈고리 턱"
"Aberration","변이체","aberration_18","공허성 변이체","6","검은 껍질판, 빈 눈구멍 살, 마른 균열막, 속 빈 뼈, 어두운 결정편, 공동 기관"
"Aberration","변이체","aberration_19","점액성 변이체","6","점액낭, 젤리막, 젤라틴 심, 미끄러운 돌기, 끈적한 관, 물렁한 덩어리"
"Aberration","변이체","aberration_20","집단 구전형 변이체","6","여러 혀 묶음, 작은 입술판, 목소리 주머니, 겹입 조각, 말린 혀, 작은 턱뼈"
"Beast","야수","beast_01","대형 포식수","6","굵은 송곳니, 두꺼운 목가죽, 앞발 힘줄, 사냥턱, 두꺼운 발바닥, 큰 어금니"
"Beast","야수","beast_02","소형 포식수","6","작은 송곳니, 얇은 발톱, 작은 턱뼈, 날카로운 어금니, 작은 꼬리뼈, 가벼운 가죽"
"Beast","야수","beast_03","무리 사냥꾼","6","무리 표식 가죽, 찢어진 귀, 긴 다리힘줄, 물린 목덜미 털, 작은 발자국 흙, 사냥 이빨"
"Beast","야수","beast_04","초식 거대수","6","넓은 어금니, 두꺼운 발굽, 무거운 뿔판, 넓은 갈비뼈, 질긴 위장, 큰 꼬리털"
"Beast","야수","beast_05","맹금류","6","부리 조각, 날개깃, 발톱깍지, 깃대, 가슴깃, 눈꺼풀막"
"Beast","야수","beast_06","수중 포식수","6","물갈퀴 가죽, 아가미 조각, 지느러미, 날카로운 물이빨, 매끈한 비늘, 꼬리지느러미"
"Beast","야수","beast_07","양서류형 야수","6","젖은 피부, 긴 혀, 물갈퀴 발, 독샘, 둥근 눈꺼풀, 얇은 목주머니"
"Beast","야수","beast_08","파충류형 야수","6","두꺼운 비늘판, 꼬리비늘, 갈라진 혀, 알껍질, 턱비늘, 발톱 껍질"
"Beast","야수","beast_09","곤충형 야수","6","겹눈 조각, 날개껍질, 더듬이, 작은 턱가위, 마디 다리, 단단한 등껍질"
"Beast","야수","beast_10","거미·절지형 야수","6","거미다리, 독니, 실샘, 거미줄 뭉치, 배갑 조각, 다리마디"
"Beast","야수","beast_11","군집형 야수","6","작은 사체 더미, 군집 껍질, 작은 날개 묶음, 작은 이빨 더미, 작은 발톱 더미, 군집 알"
"Beast","야수","beast_12","독성 야수","6","독주머니, 독니 껍질, 독침, 독샘관, 푸른 내장, 독액 병"
"Beast","야수","beast_13","질병 매개 야수","6","부은 림프절, 상한 피주머니, 벌레 먹은 가죽, 오염된 이빨, 부패한 발톱, 검은 고름낭"
"Beast","야수","beast_14","기승·운반 야수","6","넓은 등가죽, 안장 자국 가죽, 굵은 다리뼈, 목줄 고리, 무거운 발굽, 등근육"
"Beast","야수","beast_15","굴파기 야수","6","삽발톱, 단단한 코뼈, 흙 묻은 수염, 넓은 앞발, 두꺼운 발톱뿌리, 흙주머니"
"Beast","야수","beast_16","등반 야수","6","굽은 발톱, 발가락 패드, 길어진 앞다리뼈, 갈고리 발톱, 손바닥 가죽, 긴 꼬리힘줄"
"Beast","야수","beast_17","야행성 야수","6","큰 동공 눈, 부드러운 발바닥, 짙은 털가죽, 긴 수염, 얇은 귀막, 밤색 깃털"
"Beast","야수","beast_18","영역 방어 야수","6","긁힌 뿔, 상처 난 가죽, 두꺼운 목털, 깨진 송곳니, 부러진 발톱, 짧은 꼬리털"
"Beast","야수","beast_19","둥지 방어 야수","6","둥지 깃털, 알껍질 조각, 새끼털, 둥지 가지, 물린 발톱, 짚 조각"
"Beast","야수","beast_20","청소부 야수","6","깨진 이빨, 상한 내장 조각, 두꺼운 위장막, 부식된 턱뼈, 남은 뼈조각, 질긴 혀"
"Beast","야수","beast_21","유인·매복 야수","6","위장 무늬 가죽, 접힌 귀, 낮은 등뼈, 짧은 발톱, 눈가죽 조각, 숨어든 털"
"Beast","야수","beast_22","돌진형 야수","6","두꺼운 이마뼈, 굵은 목힘줄, 단단한 어깨뼈, 앞발굽 조각, 충돌 뿔, 목가죽 주름"
"Beast","야수","beast_23","장갑성 야수","6","갑판 조각, 등껍질 판, 딱딱한 배가죽, 겹비늘, 두꺼운 꼬리판, 방패비늘"
"Beast","야수","beast_24","변이된 자연 야수","6","비틀린 뿔, 기형 발굽, 여분의 이빨, 변색된 털, 두 갈래 꼬리, 굽은 척추조각"
"Celestial","천상체","celestial_01","천사형 천상체","6","날개깃 묶음, 금빛 머리카락, 깨진 후광판, 흰 날개뼈, 은실 띠, 작은 성표"
"Celestial","천상체","celestial_02","신성 사자형 천상체","6","전령의 종, 흰 봉인끈, 얇은 두루마리, 은나팔 조각, 전언판, 흰 밀랍"
"Celestial","천상체","celestial_03","수호자형 천상체","6","깨진 방패장식, 흰 갑옷 조각, 수호 문장판, 은손잡이 조각, 성벽 돌조각, 단단한 어깨판"
"Celestial","천상체","celestial_04","심판자형 천상체","6","저울 조각, 흰 망치 머리, 판결판 조각, 은못, 심판 문장, 금줄 조각"
"Celestial","천상체","celestial_05","치유자형 천상체","6","맑은 약병, 흰 붕대, 은침, 치유 잎, 작은 물병, 흰 사발 조각"
"Celestial","천상체","celestial_06","광휘 야수형 천상체","6","빛나는 갈기, 흰 발굽, 은빛 발톱, 맑은 뿔, 흰 꼬리털, 빛나는 수염"
"Celestial","천상체","celestial_07","별빛·천문형 천상체","6","별가루 주머니, 작은 별판, 은빛 렌즈, 천문 고리, 검은 천 조각, 작은 운석편"
"Celestial","천상체","celestial_08","맹세 집행형 천상체","6","맹세 고리, 끊어진 사슬, 흰 인장판, 은열쇠, 서약끈, 깨진 반지"
"Celestial","천상체","celestial_09","성역 방어형 천상체","6","성역 못, 흰 문턱돌, 성소 기와, 은장식 벽돌, 작은 제단석, 흰 문장천"
"Celestial","천상체","celestial_10","계시 전달자형 천상체","6","계시 두루마리, 흰 깃펜, 은잉크 병, 작은 봉인, 말린 백합, 얇은 금박"
"Celestial","천상체","celestial_11","타락 감시자형 천상체","6","검은 흰깃, 금간 성표, 그을린 은판, 부러진 후광, 어두운 수정편, 찢어진 흰 천"
"Celestial","천상체","celestial_12","정화자형 천상체","6","정화 재, 맑은 소금, 흰 향로 조각, 은솔 조각, 맑은 물병, 흰 숯"
"Celestial","천상체","celestial_13","처벌자형 천상체","6","흰 채찍끈, 은못 박힌 장갑, 처벌 문장, 부러진 철퇴 조각, 흰 사슬고리, 금속 깃대"
"Celestial","천상체","celestial_14","축복 매개형 천상체","6","축복 구슬, 흰 리본, 작은 은잔, 맑은 구슬, 흰 씨앗, 성수 병조각"
"Construct","구조체","construct_01","골렘형 구조체","6","골렘 심장석, 무거운 손가락, 각인 돌판, 진흙 코어, 돌어깨 조각, 마법 못"
"Construct","구조체","construct_02","자동인형형 구조체","6","인형 얼굴판, 작은 태엽심, 나무 손가락, 관절핀, 인형 눈알, 작은 균형추"
"Construct","구조체","construct_03","갑주형 구조체","6","빈 투구, 가슴갑 판, 팔꿈치 판, 무릎 보호대, 철장갑, 갑옷 경첩"
"Construct","구조체","construct_04","병기형 구조체","6","쇠날 조각, 발사관, 장전 장치, 포신 조각, 무기팔, 쇠톱니 칼"
"Construct","구조체","construct_05","감시자형 구조체","6","감시 렌즈, 회전 목관절, 기록판, 경보 종, 작은 거울판, 눈구멍 판"
"Construct","구조체","construct_06","수호 석상형 구조체","6","석상 얼굴, 석상 날개조각, 받침대 조각, 부러진 석검, 문장 석판, 돌 손바닥"
"Construct","구조체","construct_07","함정 결합형 구조체","6","압력판, 쇠스프링, 바늘 발사구, 숨은 칼날, 회전축, 트랩 걸쇠"
"Construct","구조체","construct_08","마법 회로형 구조체","6","구리선 묶음, 마력판, 은선 회로, 유리 관, 작은 수정소켓, 회로 덮개"
"Construct","구조체","construct_09","정령 주입형 구조체","6","정령병 조각, 속성 코어편, 봉인못, 원소관, 작은 룬석, 주입관"
"Construct","구조체","construct_10","언데드 모방 구조체","6","가짜 두개골, 뼈 모양 판, 마른 가죽덮개, 거짓 갈비판, 검은 천끈, 장례 장식"
"Construct","구조체","construct_11","생체 부품 결합 구조체","6","봉합 철사, 보존액 병, 생체 관절, 절단 팔고리, 유리 심장관, 살점 고정핀"
"Construct","구조체","construct_12","수정·광물형 구조체","6","수정 팔, 광물 눈, 결정 어깨판, 보석 심, 잘린 수정다리, 광물 가루통"
"Construct","구조체","construct_13","시계장치형 구조체","6","시계판, 초침 조각, 작은 용수철, 황동 톱니, 감긴 태엽, 시간추"
"Construct","구조체","construct_14","명령 불안정 구조체","6","깨진 명령석, 끊어진 제어선, 오류 표식판, 흔들리는 코어, 부러진 인식판, 과열 회로"
"Construct","구조체","construct_15","자율 학습형 구조체","6","기억판, 작은 기록침, 자기수정 회로, 학습 코어, 부품 목록판, 낡은 필기구"
"Construct","구조체","construct_16","봉인 장치형 구조체","6","봉인 고리, 잠금석, 쇄기판, 봉인 사슬, 닫힌 자물쇠, 금간 문양석"
"Construct","구조체","construct_17","운반·노동형 구조체","6","짐고리, 마모된 바퀴, 운반 손잡이, 굴림축, 삽날 손, 두꺼운 허리판"
"Construct","구조체","construct_18","의식 집행형 구조체","6","의식 칼날, 제단 팔, 향로관, 붉은 홈판, 의식 못, 피받이 그릇"
"Dragon","드래곤","dragon_01","색채룡형","6","색비늘 조각, 붉은 목비늘, 푸른 발톱깍지, 검은 뿔끝, 초록 턱비늘, 흰 꼬리비늘"
"Dragon","드래곤","dragon_02","금속룡형","6","금빛 비늘판, 은빛 발톱깍지, 청동 뿔끝, 놋쇠 목비늘, 구리색 꼬리판, 쇠빛 턱비늘"
"Dragon","드래곤","dragon_03","보석룡형","6","보석 비늘, 자수정 비늘편, 수정 뿔끝, 사파이어 발톱, 루비 턱비늘, 보석 가루"
"Dragon","드래곤","dragon_04","원시 드래곤형","6","거친 원시비늘, 두꺼운 등뿔, 큰 턱뼈, 오래된 발톱집, 딱딱한 꼬리판, 낡은 둥지뼈"
"Dragon","드래곤","dragon_05","비룡형","6","독침 꼬리, 얇은 날개뼈, 갈고리 발톱, 비룡 턱뼈, 짧은 앞발뼈, 비룡 비늘줄"
"Dragon","드래곤","dragon_06","용혈 야수형","6","용혈 송곳니, 용무늬 가죽, 짧은 뿔싹, 작은 등가시, 비늘털, 용혈 발굽"
"Dragon","드래곤","dragon_07","용혈 인간형","6","비늘 손가락, 용혈 손톱, 작은 뿔장식, 비늘 피부판, 꼬리뼈 끝, 목비늘 조각"
"Dragon","드래곤","dragon_08","용혈 변이체형","6","기형 비늘, 뒤틀린 뿔, 여분의 날개막, 굽은 꼬리뼈, 갈라진 발톱, 변색 용피"
"Dragon","드래곤","dragon_09","어린 용형","6","어린 비늘, 작은 알껍질, 연한 발톱, 얇은 뿔싹, 작은 날개막, 젖니 같은 이빨"
"Dragon","드래곤","dragon_10","고룡형","6","오래된 비늘판, 닳은 뿔끝, 두꺼운 눈꺼풀, 거대한 갈비뼈, 갈라진 등가시, 긴 수염비늘"
"Dragon","드래곤","dragon_11","수호룡형","6","문장 비늘, 수호 고리, 성문 뿔조각, 보호 부적, 방패 모양 비늘, 수호석 조각"
"Dragon","드래곤","dragon_12","포식룡형","6","사냥 송곳니, 찢긴 턱비늘, 두꺼운 위장막, 먹이주머니, 갈고리 앞발톱, 사냥 꼬리끝"
"Dragon","드래곤","dragon_13","원소 브레스형","6","브레스샘, 목구멍 결정, 숨결 주머니, 그을린 목비늘, 속성 관, 입천장 비늘"
"Dragon","드래곤","dragon_14","독성 브레스형","6","독주머니, 녹색 목샘, 독액 관, 부식된 턱비늘, 독침 이빨, 독막 조각"
"Dragon","드래곤","dragon_15","공포 오라형","6","어두운 목비늘, 공포 문장비늘, 검은 눈꺼풀, 갈라진 뿔고리, 마른 혀끝, 차가운 가슴비늘"
"Dragon","드래곤","dragon_16","보물 집착형","6","금붙은 비늘, 보석 박힌 발톱, 동전 낀 발바닥, 금가루 비늘, 작은 보물상자 조각, 장신구 묶음"
"Dragon","드래곤","dragon_17","지배자형","6","왕관뿔 조각, 넓은 목깃, 지배 문장비늘, 큰 턱수염, 금장 고리, 명령석 조각"
"Dragon","드래곤","dragon_18","타락한 용형","6","검게 변한 비늘, 썩은 날개막, 부패한 뿔, 검은 침주머니, 갈라진 심장비늘, 타락 비늘편"
"Dragon","드래곤","dragon_19","언데드 용형","6","마른 용비늘, 드러난 갈비뼈, 빈 눈구멍 비늘, 부서진 날개뼈, 마른 꼬리뼈, 낡은 용뿔"
"Dragon","드래곤","dragon_20","수중 용형","6","물비늘, 물갈퀴 날개막, 긴 수염, 아가미 비늘, 젖은 목깃, 바다조개 박힌 비늘"
"Elemental","원소체","elemental_01","화염 원소체","6","검은 숯덩이, 붉은 결정, 그을린 돌, 타오르는 심지, 마른 재덩이, 용암 거품"
"Elemental","원소체","elemental_02","냉기 원소체","6","푸른 얼음편, 서리 낀 돌, 얼어붙은 흙, 차가운 수정, 눈덩이 핵, 깨진 얼음판"
"Elemental","원소체","elemental_03","물 원소체","6","맑은 물병, 젖은 조약돌, 물방울 핵, 해초 조각, 둥근 물구슬, 젖은 진흙"
"Elemental","원소체","elemental_04","대지 원소체","6","단단한 흙덩이, 무거운 자갈, 굳은 진흙판, 갈색 결정, 바위 심, 돌껍질 조각"
"Elemental","원소체","elemental_05","공기 원소체","6","가벼운 먼지병, 빈 바람주머니, 얇은 깃조각, 떠도는 모래알, 공기 방울석, 가벼운 천조각"
"Elemental","원소체","elemental_06","번개 원소체","6","충전된 금속편, 푸른 전기석, 탄 구리선, 번개 결정, 검은 유리편, 마른 오존석"
"Elemental","원소체","elemental_07","산성 원소체","6","녹은 돌병, 부식된 금속편, 산액 방울, 흰 연기석, 녹은 유리, 구멍 난 철판"
"Elemental","원소체","elemental_08","독성 원소체","6","독 안개병, 녹색 결정, 독가루 주머니, 오염된 흙, 독성 물방울, 썩은 잎가루"
"Elemental","원소체","elemental_09","마그마형 원소체","6","용암석, 식은 마그마판, 검붉은 유리, 뜨거운 자갈, 마그마 기포석, 검은 현무암편"
"Elemental","원소체","elemental_10","얼음 결정형 원소체","6","긴 얼음창, 육각 얼음편, 투명 결정, 얼음가루 병, 날카로운 서리조각, 얼음심 조각"
"Elemental","원소체","elemental_11","폭풍형 원소체","6","폭풍 유리편, 젖은 번개석, 검은 구름가루, 소용돌이 먼지, 비바람 결정, 구름 조각석"
"Elemental","원소체","elemental_12","모래·먼지형 원소체","6","모래주머니, 마른 모래석, 흙먼지 병, 사막 유리, 작은 사암판, 먼지 핵"
"Elemental","원소체","elemental_13","연기·증기형 원소체","6","연기병, 검은 그을음, 젖은 재, 증기 물방울, 회색 가루, 연기 막조각"
"Elemental","원소체","elemental_14","광휘 원소체","6","빛나는 수정, 흰 유리편, 밝은 가루, 맑은 석영, 빛방울 구슬, 흰 결정심"
"Elemental","원소체","elemental_15","암흑 원소체","6","검은 결정, 그림자 유리, 어두운 가루, 검은 석영, 먹빛 돌판, 검은 핵편"
"Elemental","원소체","elemental_16","혼합 원소체","6","두색 결정, 갈라진 원소석, 섞인 가루병, 반쪽 얼음불씨, 층진 돌조각, 얼룩진 핵편"
"Elemental","원소체","elemental_17","원소 정령형","6","작은 정령석, 정령 가면조각, 속성 구슬, 작은 봉인병, 정령 팔찌, 정령 껍질"
"Elemental","원소체","elemental_18","원소 재난형","6","무너진 지반석, 탄 나무토막, 깨진 지붕기와, 홍수 진흙덩이, 번개 맞은 돌, 재난 핵편"
"Elemental","원소체","elemental_19","원소 기생형","6","속성 알, 기생 결정, 붙은 광물뿌리, 원소관 조각, 기생석 조각, 속성 껍질"
"Elemental","원소체","elemental_20","원소 수호형","6","수호 원소석, 문장 결정, 제단 자갈, 봉인 가루, 방어 고리석, 속성 방패편"
"Fey","요정","fey_01","숲 요정형","6","작은 나뭇잎 왕관, 도토리 목걸이, 나무피리, 작은 솔방울, 풀줄기 팔찌, 숲열매"
"Fey","요정","fey_02","궁정 요정형","6","작은 왕관, 비단 조각, 은단추, 궁정 부채, 작은 가면, 장식 핀"
"Fey","요정","fey_03","장난꾼형 요정","6","가짜 동전, 작은 주사위, 장난 종이, 묶인 끈공, 숨긴 바늘, 작은 딱지"
"Fey","요정","fey_04","유혹자형 요정","6","향수병, 비단 리본, 붉은 꽃잎, 작은 빗, 얇은 손거울, 입술색 가루"
"Fey","요정","fey_05","저주 전달자형 요정","6","검은 리본, 못 박힌 인형, 작은 저주판, 말린 까마귀깃, 금간 구슬, 매듭 실"
"Fey","요정","fey_06","꿈·환상형 요정","6","색유리 구슬, 작은 베개천, 몽롱한 가루병, 하늘색 천조각, 달무늬 단추, 얇은 잠옷천"
"Fey","요정","fey_07","계절형 요정","6","봄꽃 씨앗, 여름 풀잎, 가을 낙엽, 겨울 얼음꽃, 계절 열매, 마른 꽃다발"
"Fey","요정","fey_08","야생 사냥꾼형 요정","6","작은 화살촉, 뿔피리 조각, 사냥 깃장식, 가죽 팔찌, 작은 덫고리, 사냥 표식 나무편"
"Fey","요정","fey_09","변신형 요정","6","벗겨진 가면, 변색 털가죽, 접힌 피부조각, 두얼굴 장식, 작은 탈피껍질, 모양 바뀐 단추"
"Fey","요정","fey_10","계약형 요정","6","계약 양피지, 작은 인장, 붉은 밀랍, 은펜촉, 묶인 머리카락, 서명 조각"
"Fey","요정","fey_11","길잡이형 요정","6","작은 나침반, 흰 조약돌, 길표시 리본, 가지 지팡이, 작은 등불, 지도 조각"
"Fey","요정","fey_12","미로·길잃음형 요정","6","꼬인 실타래, 작은 미로판, 뒤집힌 표지판, 열쇠고리, 갈림길 돌, 긴 색실"
"Fey","요정","fey_13","감정 증폭형 요정","6","눈물병, 웃음 가면, 붉은 유리구슬, 푸른 리본, 작은 심장장식, 색바랜 편지"
"Fey","요정","fey_14","노래·춤형 요정","6","작은 방울, 얇은 악보, 춤신 조각, 목걸이 종, 작은 피리, 무대 천조각"
"Fey","요정","fey_15","식물 공생형 요정","6","꽃머리 장식, 뿌리 팔찌, 잎날개 조각, 나무껍질 옷감, 씨앗 주머니, 덩굴 벨트"
"Fey","요정","fey_16","동물 군주형 요정","6","작은 발굽왕관, 짐승털 망토조각, 뼈피리, 동물 이빨 목걸이, 깃털 망토핀, 발톱 장식"
"Fey","요정","fey_17","어린아이 유인형 요정","6","작은 장난감, 사탕 종이, 색구슬, 낡은 인형옷, 그림책 조각, 작은 나무말"
"Fey","요정","fey_18","시간 장난형 요정","6","깨진 모래시계, 작은 시곗바늘, 낡은 달력조각, 되감긴 태엽, 시간표 조각, 은색 초침"
"Fiend","악마체","fiend_01","악마형","6","굽은 악마뿔, 갈라진 발굽, 검붉은 발톱, 날카로운 꼬리끝, 뿔고리, 악마 귀조각"
"Fiend","악마체","fiend_02","마귀형","6","계약 인장, 지옥 동전, 검은 양피지, 작은 쇠포크, 지옥 열쇠, 서명 피묻은 펜촉"
"Fiend","악마체","fiend_03","유혹자형 악마체","6","검은 리본, 깨진 손거울, 붉은 입술가루, 비단 장갑, 향수병 조각, 얇은 목걸이"
"Fiend","악마체","fiend_04","계약자형 악마체","6","봉인된 계약서, 피묻은 밀랍, 쇠인장, 작은 저울추, 계약끈, 검은 필통"
"Fiend","악마체","fiend_05","고문자형 악마체","6","쇠갈고리, 고문 바늘, 작은 집게, 톱니 사슬, 피묻은 앞치마 조각, 쇠집게 손가락"
"Fiend","악마체","fiend_06","파괴자형 악마체","6","부서진 철퇴머리, 불탄 주먹뼈, 깨진 도끼날, 두꺼운 손목뼈, 검은 어깨판, 폭발석 조각"
"Fiend","악마체","fiend_07","공포 유발형 악마체","6","해골 가면, 검은 눈꺼풀, 공포 문장판, 마른 혀, 깨진 뿔가면, 갈라진 얼굴가죽"
"Fiend","악마체","fiend_08","지배자형 악마체","6","작은 왕관뿔, 검은 명령판, 붉은 보석반지, 사슬 왕홀조각, 지배 인장, 검은 어깨망토"
"Fiend","악마체","fiend_09","하위 졸개형 악마체","6","짧은 뿔, 작은 발굽, 거친 손톱, 얇은 꼬리뼈, 낡은 쇠목줄, 작은 날개뼈"
"Fiend","악마체","fiend_10","군단병형 악마체","6","지옥 군번패, 검은 투구조각, 부러진 창끝, 군단 문장천, 쇠견갑, 검은 방패편"
"Fiend","악마체","fiend_11","타락한 짐승형 악마체","6","불탄 갈기, 갈라진 발굽판, 검은 송곳니, 짐승뿔 조각, 그을린 가죽판, 악취샘"
"Fiend","악마체","fiend_12","타락한 인간형 악마체","6","검은 손톱, 뒤틀린 손가락, 불탄 옷조각, 검은 혈관가죽, 깨진 신분패, 타락 부적"
"Fiend","악마체","fiend_13","영혼 포식자형 악마체","6","영혼병 조각, 차가운 이빨, 빈 눈구멍 가죽, 먹이주머니, 은빛 그물조각, 포식 갈고리"
"Fiend","악마체","fiend_14","지옥 화염형 악마체","6","불타는 석탄, 붉은 재덩이, 녹은 쇠편, 불꽃샘, 그을린 뿔끝, 뜨거운 혀조각"
"Fiend","악마체","fiend_15","독·질병형 악마체","6","검은 고름낭, 독침 손톱, 오염된 혀, 부푼 림프절, 녹색 피병, 썩은 손가락"
"Fiend","악마체","fiend_16","그림자 악마체","6","검은 막조각, 얇은 검은 날개, 어두운 발톱, 그림자 껍질, 먹빛 눈, 검은 연골"
"Fiend","악마체","fiend_17","소환체형 악마체","6","소환진 돌조각, 붉은 촛농, 마른 제물뼈, 검은 소금, 봉인끈, 소환 부적"
"Fiend","악마체","fiend_18","심연 돌연변이형 악마체","6","여분의 눈, 갈라진 턱, 뒤틀린 발톱, 심연 혹, 검은 촉수끝, 기형 뿔"
"Fiend","악마체","fiend_19","유물 결속형 악마체","6","저주받은 고리, 유물 파편, 검은 보석편, 묶인 사슬고리, 각인 쇳조각, 낡은 봉인판"
"Fiend","악마체","fiend_20","문지기형 악마체","6","쇠열쇠, 문고리 조각, 경비 뿔피리, 검은 문패, 쇠빗장 조각, 문장 달린 투구"
"Giant","거인","giant_01","원시 거인형","6","원시 뼈목걸이, 거친 돌도끼날, 짐승가죽 망토조각, 큰 나무곤봉 조각, 조개 장식, 뼈피리"
"Giant","거인","giant_02","언덕 거인형","6","더러운 식량자루, 큰 이빨 목걸이, 진흙 묻은 발톱, 낡은 냄비, 부러진 몽둥이, 굵은 허리끈"
"Giant","거인","giant_03","서리 거인형","6","얼음 묻은 수염, 푸른 코뼈, 서리 갑옷판, 얼어붙은 털가죽, 큰 얼음못, 흰 뿔장식"
"Giant","거인","giant_04","화염 거인형","6","검은 대장장이 망치편, 그을린 장갑판, 붉은 수염끈, 용광로 돌, 큰 쇠앞치마 조각, 화염 문장판"
"Giant","거인","giant_05","폭풍 거인형","6","청동 귀걸이, 폭풍 창끝, 푸른 망토조각, 커다란 조개목걸이, 은빛 머리끈, 번개 문장판"
"Giant","거인","giant_06","구름 거인형","6","구름 무늬 비단, 향로 조각, 큰 금반지, 하얀 장식끈, 상아 빗, 궁전 열쇠"
"Giant","거인","giant_07","석재 거인형","6","조각칼, 돌구슬 목걸이, 큰 석필, 깎은 바위판, 회색 머리끈, 조각상 코 조각"
"Giant","거인","giant_08","바다 거인형","6","큰 조개껍질, 젖은 밧줄, 바다소금 주머니, 상어이빨 장식, 청록 비늘장식, 큰 그물추"
"Giant","거인","giant_09","룬 거인형","6","룬 돌판, 각인 망치, 문자 새긴 뼈, 룬 팔찌, 새김칼, 돌 인장"
"Giant","거인","giant_10","거인 혼혈형","6","작은 거인뿔, 혼혈 가죽끈, 불균형 손뼈, 굵은 턱수염, 반쪽 문장판, 엉성한 갑옷고리"
"Giant","거인","giant_11","거인 하수인형","6","거인 목줄, 쇠사슬 팔찌, 짐 운반 고리, 종속 문장천, 낡은 족쇄, 큰 자물쇠"
"Giant","거인","giant_12","투척 전사형 거인","6","투척 바위, 큰 손목보호대, 가죽 투석끈, 어깨힘줄 장식, 돌탄 주머니, 부러진 창자루"
"Giant","거인","giant_13","장인형 거인","6","큰 끌, 커다란 집게, 가죽 공구띠, 망치 손잡이, 금속 주형, 큰 숫돌"
"Giant","거인","giant_14","전쟁 우두머리형 거인","6","전쟁 깃발조각, 큰 왕관끈, 명령 뿔피리, 강철 견갑, 부러진 지휘봉, 전투 문장판"
"Giant","거인","giant_15","고대 거신형","6","오래된 돌피부, 거신 손톱편, 풍화된 장식판, 낡은 왕관조각, 거대한 뼛판, 고대 문양석"
"Giant","거인","giant_16","타락한 거인형","6","검은 가죽판, 갈라진 큰 뿔, 오염된 수염, 썩은 손톱, 검은 눈꺼풀, 부패한 살판"
"Giant","거인","giant_17","식인 거인형","6","사람뼈 목걸이, 큰 도살칼 조각, 피묻은 앞치마, 고기 갈고리, 깨진 솥뚜껑, 이빨 장식끈"
"Giant","거인","giant_18","수호 거인형","6","수호석 팔찌, 문지기 열쇠, 큰 방패고리, 제단 돌조각, 수호 문장천, 돌문 손잡이"
"Humanoid","인간형","humanoid_01","부족 전사형 인간형","6","부족 목걸이, 뼈 장식, 가죽 팔찌, 짧은 창끝, 부족 문신가죽, 깃장식"
"Humanoid","인간형","humanoid_02","군사 조직형 인간형","6","군번패, 제식 단추, 제식 검집, 휘장 조각, 부러진 창대, 군용 허리띠"
"Humanoid","인간형","humanoid_03","약탈자형 인간형","6","약탈 자루, 훔친 반지, 찢어진 지도, 쇠지렛대, 전리품 끈, 부서진 자물쇠"
"Humanoid","인간형","humanoid_04","암살자형 인간형","6","독침, 암살 단검집, 검은 장갑, 작은 독병, 숨김 칼날, 검은 얼굴천"
"Humanoid","인간형","humanoid_05","주술사형 인간형","6","주술 뼈막대, 말린 약초, 작은 북가죽, 깃털 부적, 색칠한 돌, 주술 가면"
"Humanoid","인간형","humanoid_06","사제형 인간형","6","성표, 기도문 조각, 작은 향로, 예식 천, 성수병, 나무 묵주"
"Humanoid","인간형","humanoid_07","마법사형 인간형","6","부러진 지팡이, 주문서 조각, 잉크병, 마법 초크, 수정구 조각, 마법 주머니"
"Humanoid","인간형","humanoid_08","광신도형 인간형","6","교단 표식, 피묻은 의식칼, 광신도 가면, 붉은 끈, 교리 문서, 작은 제물그릇"
"Humanoid","인간형","humanoid_09","귀족·지휘관형 인간형","6","가문 반지, 문장 단추, 비단 장갑, 명령서, 은장식 단검, 작은 인장함"
"Humanoid","인간형","humanoid_10","도적·밀수꾼형 인간형","6","도둑 도구, 밀수 주머니, 가짜 바닥 상자조각, 작은 열쇠꾸러미, 검은 후드, 숨긴 동전"
"Humanoid","인간형","humanoid_11","고블린계 인간형","6","고블린 귀장식, 잡동사니 주머니, 녹슨 단검, 작은 방패판, 뾰족 모자조각, 쥐뼈 목걸이"
"Humanoid","인간형","humanoid_12","오크계 인간형","6","오크 엄니 장식, 거친 어깨가죽, 큰 도끼날, 피묻은 머리띠, 두꺼운 손목끈, 전투 문양판"
"Humanoid","인간형","humanoid_13","코볼드계 인간형","6","코볼드 비늘조각, 작은 덫부품, 빛나는 돌멩이, 짧은 창촉, 도마뱀 꼬리장식, 작은 곡괭이"
"Humanoid","인간형","humanoid_14","리자드계 인간형","6","리자드 꼬리비늘, 물갈퀴 장갑, 뼈창촉, 습지 목걸이, 마른 물고기, 갈대 방패편"
"Humanoid","인간형","humanoid_15","지하 거주 인간형","6","검은 안경렌즈, 광부 곡괭이날, 버섯 주머니, 동굴 지도조각, 어두운 망토, 석순 장식"
"Humanoid","인간형","humanoid_16","수중 거주 인간형","6","조개 목걸이, 수중 팔덮개, 젖은 그물, 산호 단검, 진주 주머니, 해초 허리띠"
"Humanoid","인간형","humanoid_17","야생화 인간형","6","짐승가죽 망토, 나무창 자루, 마른 고기주머니, 거친 머리끈, 돌칼, 나무 가면"
"Humanoid","인간형","humanoid_18","변이된 인간형","6","여분의 손가락, 기형 귀, 변색 피부조각, 굽은 척추뼈, 갈라진 혀, 비틀린 손톱"
"Humanoid","인간형","humanoid_19","포섭 피해자형 인간형","6","부러진 족쇄, 검은 표식천, 찢어진 가족사진, 묶인 손목끈, 낡은 이름표, 빈 약병"
"Humanoid","인간형","humanoid_20","잔향 침식 인간형","6","검은 핏방울 병, 잔향 표식 피부, 갈라진 손톱, 어두운 눈꺼풀, 오염된 옷조각, 검은 결정편"
"Humanoid","인간형","humanoid_21","의식 매개 인간형","6","의식 문신가죽, 제물 목걸이, 붉은 촛농, 의식용 그릇, 피묻은 붕대, 봉인 끈"
"Humanoid","인간형","humanoid_22","변장 침투자형 인간형","6","가짜 신분패, 변장 가면, 다른 가문 반지, 접착 수염, 위조 문서, 숨긴 단검"
"Monstrosity","괴수","monstrosity_01","키메라형 괴수","6","사자턱 조각, 염소뿔 조각, 뱀꼬리 비늘, 다른 색 가죽판, 겹목뼈, 혼합 털가죽"
"Monstrosity","괴수","monstrosity_02","다두형 괴수","6","여분의 목뼈, 작은 머리뼈, 갈라진 목힘줄, 두 번째 턱, 머리 연결살, 겹눈꺼풀"
"Monstrosity","괴수","monstrosity_03","시선 괴수","6","중앙 눈알, 눈줄기 다발, 두꺼운 눈꺼풀, 마른 수정체, 눈뼈 고리, 작은 보조눈"
"Monstrosity","괴수","monstrosity_04","포식 괴수","6","톱니턱, 먹이주머니, 두꺼운 위장막, 사냥 발톱, 깊은 목구멍뼈, 살점 갈고리"
"Monstrosity","괴수","monstrosity_05","매복 괴수","6","위장 가죽판, 납작한 등뼈, 숨은 가시, 모래색 비늘, 접힌 발톱, 낮은 턱뼈"
"Monstrosity","괴수","monstrosity_06","장갑 괴수","6","등갑판, 어깨 갑각, 배갑 조각, 방패 비늘, 굵은 외피판, 단단한 머리판"
"Monstrosity","괴수","monstrosity_07","독성 괴수","6","독샘, 독니, 독침, 녹색 침주머니, 독액 관, 부은 독주머니"
"Monstrosity","괴수","monstrosity_08","돌진 괴수","6","충돌 뿔판, 두꺼운 이마뼈, 앞발굽 조각, 굵은 목힘줄, 어깨뼈 판, 박힌 뿔끝"
"Monstrosity","괴수","monstrosity_09","비행 괴수","6","큰 깃대, 갈고리 날개발톱, 얇은 날개뼈, 가슴 용골뼈, 바람깃, 긴 꼬리깃"
"Monstrosity","괴수","monstrosity_10","수중 괴수","6","큰 지느러미, 아가미 비늘, 심해 송곳니, 물갈퀴 발톱, 젖은 등껍질, 꼬리지느러미 뼈"
"Monstrosity","괴수","monstrosity_11","굴파기 괴수","6","삽발톱, 단단한 코판, 흙주머니, 넓은 앞발뼈, 진동수염, 두꺼운 발톱뿌리"
"Monstrosity","괴수","monstrosity_12","괴조형 괴수","6","괴조 부리, 큰 날개깃, 발톱깍지, 가슴깃 묶음, 긴 목뼈, 둥지 뼈조각"
"Monstrosity","괴수","monstrosity_13","괴충형 괴수","6","겹눈판, 딱지날개, 큰 턱가위, 마디 다리갑, 더듬이 뿌리, 복부껍질"
"Monstrosity","괴수","monstrosity_14","괴어형 괴수","6","괴어 비늘, 물속 이빨, 아가미막, 꼬리뼈 지느러미, 젖은 눈알, 미끄러운 등판"
"Monstrosity","괴수","monstrosity_15","사자·고양잇과 괴수","6","큰 갈기, 두꺼운 앞발톱, 사자 송곳니, 목덜미 가죽, 긴 수염, 힘줄 많은 뒷다리"
"Monstrosity","괴수","monstrosity_16","뱀·파충류 괴수","6","긴 뱀비늘, 허물 껍질, 독니 껍질, 갈라진 혀, 꼬리비늘줄, 배비늘판"
"Monstrosity","괴수","monstrosity_17","반인반수형 괴수","6","사람형 손뼈, 짐승형 발굽, 혼합 척추뼈, 굽은 뿔, 두꺼운 어깨털, 반쪽 턱뼈"
"Monstrosity","괴수","monstrosity_18","마법 실험체형 괴수","6","유리 주입관, 쇠고정핀, 마법 표식가죽, 보존액 병, 실험 꼬리표, 봉합 철사"
"Monstrosity","괴수","monstrosity_19","고대 잔존종형 괴수","6","화석 비늘, 오래된 이빨, 두꺼운 고대뼈, 석화된 발톱, 마른 알껍질, 낡은 등가시"
"Monstrosity","괴수","monstrosity_20","공포 전설형 괴수","6","전설 뿔조각, 검은 갈기, 큰 그림자발톱, 낡은 제물끈, 금간 가면, 어두운 눈껍질"
"Monstrosity","괴수","monstrosity_21","구조물 기생 괴수","6","벽속 뿌리살, 돌에 붙은 이빨, 기생 가시, 건물 파편살, 못 박힌 외피, 갈라진 기둥조각"
"Monstrosity","괴수","monstrosity_22","던전 적응 괴수","6","던전 돌비늘, 어두운 발바닥, 좁은 통로 발톱, 벽 긁개발, 검은 등가죽, 거친 무릎판"
"Monstrosity","괴수","monstrosity_23","공간 왜곡 괴수","6","접힌 뼈, 꼬인 발톱, 뒤집힌 눈꺼풀, 휘어진 이빨, 말린 피부판, 깨진 결정뼈"
"Monstrosity","괴수","monstrosity_24","거대 포식충형 괴수","6","거대 벌레턱, 두꺼운 번데기껍질, 큰 복부판, 산란관, 굵은 더듬이, 톱니 다리"
"Ooze","점액체","ooze_01","산성 점액체","6","산성 젤병, 녹은 뼛가루, 부식된 동전, 구멍 난 철편, 흰 거품덩이, 산성 막"
"Ooze","점액체","ooze_02","포식 점액체","6","먹이 찌꺼기, 반쯤 녹은 이빨, 소화 주머니, 삼킨 뼈덩이, 고기 젤, 위장 같은 막"
"Ooze","점액체","ooze_03","분열 점액체","6","작은 젤 덩어리, 갈라진 젤핵, 분열 막, 새끼 점액, 찢어진 젤리판, 나뉜 색젤"
"Ooze","점액체","ooze_04","위장 점액체","6","돌무늬 젤, 나무무늬 젤, 흙색 막, 투박한 껍질젤, 가짜 표면조각, 위장 껍질"
"Ooze","점액체","ooze_05","투명 점액체","6","맑은 젤덩이, 투명 막, 유리 같은 젤, 맑은 젤핵, 보이지 않는 껍질, 빛나는 물젤"
"Ooze","점액체","ooze_06","독성 점액체","6","독성 젤병, 녹색 젤핵, 부푼 독거품, 독막 조각, 오염 젤덩이, 검푸른 찌꺼기"
"Ooze","점액체","ooze_07","흡수형 점액체","6","흡수막, 삼킨 천조각, 붙은 금속편, 젤 속 뼈, 흡착 젤판, 살점 주머니"
"Ooze","점액체","ooze_08","부식성 점액체","6","부식 젤덩이, 녹슨 갑옷편, 삭은 가죽조각, 패인 돌조각, 녹아내린 유리, 부식막"
"Ooze","점액체","ooze_09","지능형 점액체","6","작은 젤눈, 기억 젤핵, 모양 잡힌 젤손, 그림자 젤막, 문자 모양 젤, 둥근 젤머리"
"Ooze","점액체","ooze_10","군집 점액체","6","작은 점액알, 젤 방울 무리, 작은 젤핵 묶음, 분리된 젤덩이, 군집막, 작은 젤리껍질"
"Ooze","점액체","ooze_11","시체 소화형 점액체","6","녹은 살점덩이, 삭은 머리카락, 부패 젤, 시체뼈 찌꺼기, 검은 고기젤, 썩은 막"
"Ooze","점액체","ooze_12","던전 청소부형 점액체","6","던전 먼지젤, 녹은 함정쇠, 타일 조각젤, 벽돌 찌꺼기, 낡은 열쇠젤, 어두운 바닥젤"
"Ooze","점액체","ooze_13","흑마석 반응 점액체","6","검은 결정젤, 흑마석 젤핵, 검은 젤방울, 결정 박힌 막, 검은 찌꺼기, 어두운 젤리판"
"Ooze","점액체","ooze_14","잔향 오염 점액체","6","잔향 젤덩이, 탁한 젤핵, 검은 줄무늬 젤, 오염 막, 회색 젤방울, 얼룩진 젤"
"Ooze","점액체","ooze_15","기억 흡수 점액체","6","기억 젤리, 작은 뇌모양 젤, 문자 젤막, 유리 조각 속 젤, 말린 종이젤, 회색 젤핵"
"Ooze","점액체","ooze_16","체액 모방 점액체","6","피색 젤, 눈물 젤, 침 젤덩이, 고름 젤, 기름 젤, 묽은 살색 젤"
"Plant","식물체","plant_01","포식 식물체","6","입잎, 씹는 줄기, 덫잎, 소화낭, 큰 꽃턱, 먹이주머니"
"Plant","식물체","plant_02","덩굴형 식물체","6","감는 덩굴, 굵은 덩굴마디, 덩굴 뿌리, 갈고리 덩굴, 말린 덩굴, 덩굴 껍질"
"Plant","식물체","plant_03","포자형 식물체","6","포자낭, 포자 주머니, 마른 포자덩이, 포자 깃털, 가루버섯, 포자 껍질"
"Plant","식물체","plant_04","균류형 식물체","6","버섯갓, 버섯대, 균사 덩어리, 곰팡이 판, 버섯뿌리, 균핵"
"Plant","식물체","plant_05","나무 수호자형 식물체","6","나무 얼굴조각, 두꺼운 나이테, 나무 손가락, 수호 가지, 나무 심장, 딱딱한 뿌리발"
"Plant","식물체","plant_06","움직이는 식물체","6","걷는 뿌리, 관절 줄기, 발모양 뿌리, 움직이는 가지, 두꺼운 줄기마디, 뿌리 발톱"
"Plant","식물체","plant_07","독성 식물체","6","독가시, 독수액 병, 검은 꽃잎, 독열매, 쓴 뿌리, 독낭"
"Plant","식물체","plant_08","수면·환각 유발 식물체","6","수면 꽃가루, 푸른 꽃잎, 몽롱한 열매, 향낭, 졸린 씨앗, 무늬 꽃술"
"Plant","식물체","plant_09","기생 식물체","6","기생 씨앗, 흡수뿌리, 숙주 껍질, 붙은 덩굴, 기생혹, 빨판 뿌리"
"Plant","식물체","plant_10","군락 식물체","6","작은 새싹 무리, 군락 뿌리망, 씨앗더미, 얽힌 줄기, 작은 버섯떼, 뿌리 매듭"
"Plant","식물체","plant_11","가시 방어형 식물체","6","긴 가시, 가시껍질, 가시덩굴, 단단한 가시판, 가시 씨앗, 부러진 가시끝"
"Plant","식물체","plant_12","씨앗 확산형 식물체","6","날개씨앗, 터진 씨방, 씨앗 꼬투리, 솜털 씨앗, 끈적한 씨앗, 작은 씨앗주머니"
"Plant","식물체","plant_13","성역 수호형 식물체","6","성역 나뭇가지, 흰 꽃잎, 제단 뿌리, 맑은 수액병, 문장 나무껍질, 수호 씨앗"
"Plant","식물체","plant_14","부패지 생장형 식물체","6","썩은 뿌리, 검은 버섯갓, 부패 줄기, 물렁한 열매, 곰팡이 씨앗, 검은 수액"
"Plant","식물체","plant_15","잔향 오염 식물체","6","어두운 뿌리, 검은 잎, 오염 수액, 회색 꽃잎, 잔향 씨앗, 얼룩진 줄기"
"Plant","식물체","plant_16","안개권 적응 식물체","6","안개 젖은 잎, 두꺼운 잎막, 흰 뿌리털, 물기 많은 줄기, 흐린 꽃잎, 안개 씨앗"
"Plant","식물체","plant_17","빛 저항 식물체","6","두꺼운 잎껍질, 검은 잎맥, 빛막이 꽃잎, 어두운 수액, 그늘 씨앗, 짙은 나무껍질"
"Plant","식물체","plant_18","뿌리망 식물체","6","긴 뿌리줄, 얽힌 뿌리판, 뿌리혹, 뿌리 매듭핵, 가는 뿌리털, 땅속 줄기"
"Undead","언데드","undead_01","골격형 언데드","10","갈비뼈, 척추뼈, 손가락뼈, 턱뼈, 관절뼈, 무릎뼈, 팔뼈, 다리뼈, 골분, 뼈 장식"
"Undead","언데드","undead_02","시체형 언데드","6","부은 혀, 찢어진 피부, 곰팡이 핀 손톱, 부패한 힘줄, 상한 위장, 말라붙은 고름"
"Undead","언데드","undead_03","구울형 언데드","6","긴 혀, 깨진 앞니, 먹다 남은 손가락, 굽은 손톱, 마른 위장막, 물어뜯은 입술"
"Undead","언데드","undead_04","망령형 언데드","6","반투명 천조각, 차가운 은반지, 금간 유리구슬, 낡은 머리핀, 희미한 손뼈, 얇은 장막천"
"Undead","언데드","undead_05","그림자형 언데드","6","검은 천조각, 어두운 손톱, 먹빛 가루, 검은 머리카락, 얇은 검은 막, 그을린 발자국 흙"
"Undead","언데드","undead_06","원혼형 언데드","6","원한 부적, 찢어진 편지, 피묻은 인형, 낡은 결혼반지, 끊어진 목걸이, 금간 초상화 조각"
"Undead","언데드","undead_07","갑주형 언데드","6","빈 투구, 녹슨 견갑, 부러진 장갑손, 가슴갑 조각, 허리갑 고리, 낡은 철장화"
"Undead","언데드","undead_08","기사형 언데드","6","녹슨 검자루, 부러진 창끝, 낡은 방패문장, 말안장 조각, 기사 휘장, 쇠장갑 조각"
"Undead","언데드","undead_09","흡혈형 언데드","6","긴 송곳니, 붉은 입술가죽, 피묻은 망토조각, 검은 관못, 혈액 병, 창백한 손가락"
"Undead","언데드","undead_10","리치형 언데드","6","마른 손뼈, 낡은 주문서 조각, 검은 보석반지, 작은 성물함 조각, 먼지 낀 왕관편, 마법 봉인천"
"Undead","언데드","undead_11","미라형 언데드","6","미라 붕대, 방부 향병, 말린 손가락, 황금 장례가면 조각, 말린 심장, 작은 항아리 조각"
"Undead","언데드","undead_12","죽음 기사형 언데드","6","검은 검자루, 망가진 흑갑판, 죽음 문장방패, 부러진 흑창, 검은 투구깃, 불탄 망토조각"
"Undead","언데드","undead_13","집단 원혼형 언데드","6","여러 이름패, 엉킨 머리카락, 작은 유골함 조각, 낡은 공동묘지 열쇠, 찢어진 명부, 여러 손뼈 묶음"
"Undead","언데드","undead_14","사령술 피조형 언데드","6","봉합 실, 검은 바늘, 사령술 표식가죽, 묶인 뼈철사, 마른 심장관, 실험 꼬리표"
"Undead","언데드","undead_15","저주 결속형 언데드","6","저주 인형, 검은 매듭끈, 못 박힌 부적, 금간 반지, 저주 양피지, 검은 밀랍"
"Undead","언데드","undead_16","장소 결박형 언데드","6","묘지 흙덩이, 집문패 조각, 낡은 방열쇠, 벽지 조각, 바닥 나무판, 장소 표식돌"
"Undead","언데드","undead_17","원한 추적형 언데드","6","복수 편지, 깨진 추적나침반, 피묻은 신발끈, 찢어진 지도, 상대 이름표, 날카로운 손톱"
"Undead","언데드","undead_18","생명력 흡수형 언데드","6","마른 피부껍질, 빈 심장주머니, 흰 머리카락, 검은 손바닥가죽, 말라붙은 혈관, 창백한 혀"
"Undead","언데드","undead_19","부패 확산형 언데드","6","곰팡이 살점, 검은 고름, 부패낭, 구더기 더미, 썩은 붕대, 녹색 부패액"
"Undead","언데드","undead_20","고대 왕묘형 언데드","6","왕묘 금박, 낡은 왕관조각, 상형문자 돌편, 황금 장례품, 봉인 항아리, 고대 천조각"
"Undead","언데드","undead_21","혼령 병사형 언데드","6","병사 군번패, 녹슨 창촉, 낡은 군복천, 전장 흙, 부러진 화살, 낡은 북끈"
"Undead","언데드","undead_22","마법사령형 언데드","6","검은 마법가루, 낡은 마법서 조각, 뼈 지팡이 조각, 룬 새긴 손뼈, 깨진 수정구, 마른 잉크병"
